1,833-68-2338,Male,Pearce,Dupond,29/07/1990,48 Thompson Terrace,pbarkley0@spotify.com,724-760-5107,03/12/2015,Directeur Général,5000,0
2,214-26-3592,Female,Shannen,Fiesta,16/09/1990,8 Mitchell Point,skirgan1@is.gd,224-178-9714,22/11/2021,Directrice Commerciale,3959,1
3,509-39-5602,Male,Raeann,Fertard,22/10/1974,93855 Heath Junction,rwinborn2@hibu.com,764-565-2052,23/10/2019,Directeur des opérations,3480,1
4,809-30-9487,Female,Mildrid,Joyeuse,25/12/1992,65280 Burning Wood Place,mbegley3@facebook.com,535-342-0332,04/06/2021,Directrice des RH,3304,1
5,830-31-4802,Male,Jedediah,GripSous,30/01/1983,6739 Jenna Place,jbiesinger4@github.com,584-130-3118,04/06/2018,Directeur Financier,3185,1
6,823-45-9649,Male,Sigvard,Forge,11/02/1976,0169 Morningstar Road,skinnar5@ted.com,756-202-9590,04/06/2017,Commercial,2467,2
7,131-14-8472,Female,Grange,Fermi,02/02/1999,67726 Mcguire Avenue,gmohammed6@163.com,794-623-0664,23/07/2015,Commerciale,2301,2
8,361-63-4368,Male,Pierre,Royal,31/03/1985,28506 John Wall Junction,pqueen7@bizjournals.com,286-496-4478,30/01/2018,Chef Equipe,2300,3
9,329-48-0811,Female,Osborne,Prince,01/11/1992,81843 Myrtle Pass,omarguerite8@deliciousdays.com,349-391-5249,26/09/2020,Chef d'Equipe,2757,3
10,761-30-1257,Female,Greta,Couleur,06/02/1977,95778 Lakeland Terrace,ghazeltine9@wix.com,948-301-1911,18/02/2020,Formation,2632,4
11,419-93-2623,Female,Adella,ToutleMonde,05/05/1972,11 Nancy Alley,ajoerninga@is.gd,602-799-3984,21/03/2020,Contrats,2572,4
12,161-46-5816,Male,Terri-jo,Picsou,26/11/1970,4406 Ryan Way,tbuckettb@xrea.com,745-927-0863,10/08/2016,Direction comptable,2973,5
13,768-63-7325,Male,Katinka,GrosSous,02/09/1993,53 Coolidge Plaza,kallikerc@sciencedaily.com,184-423-4452,23/05/2018,Controleur de Gestion,2937,5
14,394-89-9842,Male,Woodie,Romu,03/08/1976,8704 Laurel Crossing,wmcelmurrayd@answers.com,225-855-0185,07/12/2015,Chauffeur,1948,8
15,843-45-5234,Female,Leona,Romi,12/07/1989,1065 American Ash Street,lzorere@reddit.com,473-618-6575,09/11/2021,Chauffeur,1846,8
16,307-20-9986,Male,Neely,Roma,31/07/1971,6341 Butterfield Road,nknightlyf@ifeng.com,572-533-9947,08/08/2015,Chauffeur,1780,8
17,727-91-3168,Female,Paco,Rome,19/08/1989,52760 Crownhardt Terrace,prichesg@sun.com,603-772-5979,05/04/2021,Chauffeur,1479,9
18,703-46-8885,Male,Dilan,Rimou,24/12/1989,87435 Blackbird Road,dsnasdellh@symantec.com,669-272-5558,18/03/2017,Chauffeur,1786,9
19,275-33-7461,Female,Hi,Fournier,27/06/1981,212 Commercial Terrace,hvausei@dropbox.com,266-230-2187,23/11/2020,Comptable,1525,12
20,512-15-9115,Female,Averill,Gautier,26/02/1981,7199 Hollow Ridge Crossing,asolmanj@youku.com,963-779-2340,17/02/2016,Comptable,1799,12
